{
    "Yemen": {
        "min_lat": 12.144720000000063,
        "max_lat": 18.999340000000075,
        "min_lon": 42.55597000000006,
        "max_lon": 54.47347000000008
    },
    "Kuwait": {
        "min_lat": 28.538880000000063,
        "max_lat": 30.084160000000054,
        "min_lon": 46.54694000000006,
        "max_lon": 48.41658000000007
    },
    "United Arab Emirates": {
        "min_lat": 22.633330000000058,
        "max_lat": 26.083890000000054,
        "min_lon": 51.583330000000046,
        "max_lon": 56.38166000000007
    },
    "Bahrain": {
        "min_lat": 25.57194000000004,
        "max_lat": 26.288890000000038,
        "min_lon": 50.45333000000005,
        "max_lon": 50.79639000000009
    },
    "Lebanon": {
        "min_lat": 33.06208000000004,
        "max_lat": 34.647500000000036,
        "min_lon": 35.10083000000009,
        "max_lon": 36.623740000000055
    },
    "Jordan": {
        "min_lat": 29.18889000000007,
        "max_lat": 33.377590000000055,
        "min_lon": 34.960420000000056,
        "max_lon": 39.30111000000005
    },
    "Qatar": {
        "min_lat": 24.47333000000009,
        "max_lat": 26.15250000000009,
        "min_lon": 50.75194000000005,
        "max_lon": 51.615830000000074
    },
    "Saudi Arabia": {
        "min_lat": 16.377500000000055,
        "max_lat": 32.15494000000007,
        "min_lon": 34.57215000000008,
        "max_lon": 55.66611000000006
    },
    "Israel": {
        "min_lat": 29.486710000000073,
        "max_lat": 33.27027000000004,
        "min_lon": 34.267580000000066,
        "max_lon": 35.68111000000005
    }
}